<?xml version="1.0" encoding="UTF-8"?>
<project-private xmlns="http://www.netbeans.org/ns/project-private/1">
    <editor-bookmarks xmlns="http://www.netbeans.org/ns/editor-bookmarks/2" lastBookmarkId="0"/>
    <open-files xmlns="http://www.netbeans.org/ns/projectui-open-files/2">
        <group>
            <file>file:/E:/BSSE/Semester%206/Software%20Construction%20and%20Development%20(SE3512)/Assignments/NAT%20Project/src/nat/project/GovernmentDetailedForm.java</file>
            <file>file:/E:/BSSE/Semester%206/Software%20Construction%20and%20Development%20(SE3512)/Assignments/NAT%20Project/src/nat/project/SuspendForm.java</file>
            <file>file:/E:/BSSE/Semester%206/Software%20Construction%20and%20Development%20(SE3512)/Assignments/NAT%20Project/src/nat/project/NATProject.java</file>
            <file>file:/E:/BSSE/Semester%206/Software%20Construction%20and%20Development%20(SE3512)/Assignments/NAT%20Project/src/nat/project/View.java</file>
        </group>
    </open-files>
</project-private>
